<?xml version="1.0" encoding="UTF-8"?>
<!DOCTYPE mapper
  PUBLIC "-//mybatis.org//DTD Mapper 3.0//EN"
  "https://mybatis.org/dtd/mybatis-3-mapper.dtd">
<mapper namespace="com.example.rest_board2.dao.IBoardDao">
	<insert id="regBoard">
		INSERT INTO tbl_board (title, content, username, regdate) 
		VALUES (#{board.title}, #{board.content}, #{board.username}, now())
	</insert>
	
	<select id="getBoard" resultType="com.example.rest_board2.domain.Board">
		SELECT * FROM tbl_board WHERE bno=#{bno}
	</select>
	
	<select id="getBoardList" resultType="com.example.rest_board2.domain.Board">
		SELECT * FROM tbl_board
	</select>
	
	<update id="updateBoard">
		UPDATE tbl_board 
		SET title = #{board.title},
			content = #{board.content},
			username = #{board.username},
			moddate = now()
		  WHERE bno=#{board.bno}
	</update>
	
	<delete id="delBoard">
		DELETE FROM tbl_board WHERE bno = #{bno}
	</delete>
</mapper>