<?xml version="1.0" encoding="UTF-8"?>

<!DOCTYPE mapper
  PUBLIC "-//mybatis.org//DTD Mapper 3.0//EN"
  "https://mybatis.org/dtd/mybatis-3-mapper.dtd">
<mapper namespace="com.example.onepagebbs.dao.IMemberDao">
  <select id="getList" resultType="com.example.onepagebbs.dto.MemberDTO">
    SELECT * FROM tbl_member
  </select>
  <select id="getMember" resultType="com.example.onepagebbs.dto.MemberDTO">
  	SELECT * FROM tbl_member WHERE id = #{id}
  </select>
  <insert id="insert">
  	INSERT INTO tbl_member VALUES(#{id},#{pw},#{name});
  </insert>
  <update id="update">
  	UPDATE tbl_member SET pw=#{pw}, NAME=#{name} WHERE id=#{id}
  </update>
  <delete id="delete">
  	DELETE FROM tbl_member WHERE id=#{id}
  </delete>
  <select id="searchWrdID" resultType="com.example.onepagebbs.dto.MemberDTO">
  	SELECT * FROM tbl_member WHERE id like CONCAT('%', #{searchWrd}, '%')
  </select>
   <select id="searchWrdName" resultType="com.example.onepagebbs.dto.MemberDTO">
  	SELECT * FROM tbl_member WHERE name like CONCAT('%', #{searchWrd}, '%')
  </select>
  
</mapper>