<?xml version="1.0" encoding="UTF-8"?>

<!DOCTYPE mapper
  PUBLIC "-//mybatis.org//DTD Mapper 3.0//EN"
  "https://mybatis.org/dtd/mybatis-3-mapper.dtd">
<mapper namespace="com.example.bbs.dao.IBoardDao">
  <select id="getBList" resultType="com.example.bbs.dto.BoardDTO">
    
	SELECT bno, title, contents, bCreateDate, readCount, commentCount, id
  	FROM tbl_board
  	LIMIT #{startRow}, #{pageSize};
  </select>
  <select id="BListCnt" resultType="_int">
  	SELECT COUNT(*) FROM tbl_board
  </select>
  <select id="getBoard" resultType="com.example.bbs.dto.BoardDTO">
  	SELECT * FROM tbl_board WHERE bno = #{bno}
  </select>
  <update id="updateRCnt">
  	UPDATE tbl_board set readCount = readCount+1 WHERE bno = #{bno}
  </update>
</mapper>