<?xml version="1.0" encoding="UTF-8"?>

<!DOCTYPE mapper
  PUBLIC "-//mybatis.org//DTD Mapper 3.0//EN"
  "https://mybatis.org/dtd/mybatis-3-mapper.dtd">
<mapper namespace="com.example.bbs.dao.IUserDao">
	<select id="getUser" resultType="com.example.bbs.dto.UserDTO">
		SELECT * FROM tbl_user WHERE id = #{id}
	</select>
	<insert id="insertUser">
		INSERT INTO tbl_user(uno, id, pw, NAME, postcode, roadAddress, jibunAddress, detailAddress, extraAddress, joinDate) 
		VALUES(uno+1, #{userDTO.id},#{userDTO.pw},#{userDTO.name},
		<if test="userDTO.postcode != null">
			#{userDTO.postcode}
		</if>
		<if test="userDTO.postcode == null">
			NULL
		</if>, 
		<if test="userDTO.roadAddress != null">
			#{userDTO.roadAddress}
		</if>
		<if test="userDTO.roadAddress == null">
			NULL
		</if>, 
		<if test="userDTO.jibunAddress != null">
			#{userDTO.jibunAddress}
		</if>
		<if test="userDTO.jibunAddress == null">
			NULL
		</if>, 
		<if test="userDTO.detailAddress != null">
			#{userDTO.detailAddress}
		</if>
		<if test="userDTO.detailAddress == null">
			NULL
		</if>, 
		<if test="userDTO.extraAddress != null">
			#{userDTO.extraAddress}
		</if>
		<if test="userDTO.extraAddress == null">
			NULL
		</if>, 
		SYSDATE());
	</insert>
</mapper>