<?xml version="1.0" encoding="UTF-8"?>

<!DOCTYPE mapper
  PUBLIC "-//mybatis.org//DTD Mapper 3.0//EN"
  "https://mybatis.org/dtd/mybatis-3-mapper.dtd">
<mapper namespace="com.example.bbs.dao.IUserDao">
	<select id="getUser" resultType="com.example.bbs.dto.UserDTO">
		SELECT * FROM tbl_user WHERE id = #{id}
	</select>
	<insert id="insertUser">
		INSERT INTO tbl_user(uno, id, pw, NAME, address, joinDate) 
		VALUES(uno+1, #{userDTO.id},#{userDTO.pw},#{userDTO.name},
		<if test="userDTO.address != null">
			#{userDTO.address}
		</if>
		<if test="userDTO.address == null">
			NULL
		</if>, 
		SYSDATE());
	</insert>
</mapper>