<?xml version="1.0" encoding="UTF-8"?>
<!DOCTYPE mapper
  PUBLIC "-//mybatis.org//DTD Mapper 3.0//EN"
  "https://mybatis.org/dtd/mybatis-3-mapper.dtd">
  <mapper namespace="com.example.onlineTestSite.dao.IQuestionDao">
  	<resultMap id="question" type="com.example.onlineTestSite.entity.response.Question">
	    <result property="questionId" column="question_id"/>
	    <result property="subjectId" column="subject_id"/>
	    <result property="content" column="content"/>
	    <result property="problemType" column="problem_type"/>
	    <result property="score" column="score"/>
	</resultMap>
  
  	<select id="getQuestion5" resultMap="question">
  		<![CDATA[
  		WITH ChoiceQuestions AS (
		    SELECT q.question_id, q.subject_id, q.content, q.problem_type, c.score, 
		           ROW_NUMBER() OVER (ORDER BY RAND()) AS rn
		    FROM tbl_question q
		    JOIN tbl_answer_choice c ON q.question_id = c.question_id
		    WHERE q.problem_type = 'TYPE_CHOICE'
		),
		SAQuestions AS (
		    SELECT q.question_id, q.subject_id, q.content, q.problem_type, c.score, 
		           ROW_NUMBER() OVER (ORDER BY RAND()) AS rn
		    FROM tbl_question q
		    JOIN tbl_answer_sa c ON q.question_id = c.question_id
		    WHERE q.problem_type = 'TYPE_SA'
		)
		
		-- ChoiceQuestions에서 중복되는 question_id가 SAQuestions에 없는 경우만 선택
		SELECT question_id, subject_id, content, problem_type, score
		FROM ChoiceQuestions cq
		WHERE cq.rn <= 4
		AND NOT EXISTS (
		    SELECT 1
		    FROM SAQuestions sq
		    WHERE sq.question_id = cq.question_id
		)
		
		UNION
		
		-- SAQuestions에서 선택
		SELECT question_id, subject_id, content, problem_type, score
		FROM SAQuestions
		WHERE rn <= 3
		GROUP BY question_id, subject_id, content, problem_type, score
		
		LIMIT 5;
		]]>
  	</select>
  	
  	<select id="getSelectList" >
  		SELECT `select`
		FROM tbl_answer_choice
		WHERE question_id = #{questionId} AND problem_type = 'type_choice'
  	</select>
  </mapper>