<?xml version="1.0" encoding="UTF-8"?>
<!DOCTYPE mapper
  PUBLIC "-//mybatis.org//DTD Mapper 3.0//EN"
  "https://mybatis.org/dtd/mybatis-3-mapper.dtd">
  <mapper namespace="com.example.onlineTestSite.dao.IQuestionDao">
  	<resultMap id="question" type="com.example.onlineTestSite.entity.response.QuestionResponse">
	    <result property="questionId" column="question_id"/>
	    <result property="subjectId" column="subject_id"/>
	    <result property="content" column="content"/>
	    <result property="problemType" column="problem_type"/>
	    <result property="score" column="score"/>
	</resultMap>
	
	<resultMap id="examScoreResult" type="com.example.onlineTestSite.entity.response.ExamScoreResultResponse">
	    <result property="examNo" column="exam_no"/>
	    <result property="subjectId" column="subject_id"/>
	    <result property="username" column="username"/>
	    <result property="sum" column="SUM"/>
	    <result property="examDate" column="exam_date"/>
	</resultMap>
  
  	<select id="getQuestion5" resultMap="question">
  		<![CDATA[
  		WITH ChoiceQuestions AS (
		    SELECT q.question_id, q.subject_id, q.content, q.problem_type, c.score, 
		           ROW_NUMBER() OVER (ORDER BY RAND()) AS rn
		    FROM tbl_question q
		    JOIN tbl_answer_choice c ON q.question_id = c.question_id
		    WHERE q.subject_id = #{subejectId} and q.problem_type = 'TYPE_CHOICE'
		),
		SAQuestions AS (
		    SELECT q.question_id, q.subject_id, q.content, q.problem_type, c.score, 
		           ROW_NUMBER() OVER (ORDER BY RAND()) AS rn
		    FROM tbl_question q
		    JOIN tbl_answer_sa c ON q.question_id = c.question_id
		    WHERE q.subject_id = #{subejectId} and q.problem_type = 'TYPE_SA'
		)
		
		-- ChoiceQuestions에서 중복되는 question_id가 SAQuestions에 없는 경우만 선택
		SELECT question_id, subject_id, content, problem_type, score
		FROM ChoiceQuestions cq
		WHERE cq.rn <= 4
		AND NOT EXISTS (
		    SELECT 1
		    FROM SAQuestions sq
		    WHERE sq.question_id = cq.question_id
		)
		
		UNION
		
		-- SAQuestions에서 선택
		SELECT question_id, subject_id, content, problem_type, score
		FROM SAQuestions
		WHERE rn <= 3
		GROUP BY question_id, subject_id, content, problem_type, score
		
		LIMIT 5;
		]]>
  	</select>
  	
  	<select id="getSelectList" >
  		SELECT `select`
		FROM tbl_answer_choice
		WHERE question_id = #{questionId} AND problem_type = 'type_choice'
  	</select>
  	
  	<insert id="insertExamScore">
  		 INSERT INTO tbl_exams (subject_id, username, question_id, select_answer, is_correct, exam_date)
		 VALUES 
		 (#{Example.subjectId}, #{Example.username}, #{Example.questionId}, #{Example.selectAnswer}, NULL, NOW())
  	</insert>
  	
  	<update id="updateExamScoreAC">
  		UPDATE tbl_exams e
		JOIN tbl_answer_choice ac 
		  ON e.question_id = ac.question_id 
		  AND e.select_answer = ac.answer
		SET e.is_correct = TRUE,
			e.score = 20
		WHERE e.subject_id = #{subjectId}
		  AND e.username = #{username};
  	</update>
  	
  	<update id="updateExamScoreSA">
  		UPDATE tbl_exams e
		JOIN tbl_answer_sa sa 
		  ON e.question_id = sa.question_id 
		  AND e.select_answer = sa.answer
		SET e.is_correct = TRUE,
			e.score = 20
		WHERE e.subject_id = #{subjectId}
		  AND e.username = #{username};
  	</update>
  	
  	<insert id="insertExamScoreResult">
  		INSERT INTO tbl_exams_result (subject_id, username, sum, exam_date)
		SELECT 
		    subject_id, 
		    username, 
		    SUM(score) AS sum,
		    MAX(exam_date) AS exam_date
		FROM (
		    SELECT subject_id, username, score, exam_date
		    FROM tbl_exams
		    WHERE username = #{username} AND subject_id=#{subjectId} -- 특정 사용자를 기준으로 최신 5개를 선택
		    ORDER BY exam_no DESC
		    LIMIT 5
		) AS latest_exams
		GROUP BY subject_id, username;
  	</insert>
  	
  	<select id="selectMyExamScore" resultMap="examScoreResult">	  
		SELECT exam_no, subject_id, username, sum, exam_date
		FROM tbl_exams_result
		WHERE username = #{username};
  	</select>
  	
  	<select id="selectExamScore" resultMap="examScoreResult">	  
		SELECT exam_no, subject_id, username, sum, exam_date
		FROM tbl_exams_result
  	</select>
  </mapper>